<?xml version="1.0" encoding="UTF-8"?>
<GenRun Id="impl_1" LaunchPart="xc7a35tcpg236-1" LaunchTime="1703850379">
  <File Type="ROUTE-PWR" Name="sintesis_stackTower_power_routed.rpt"/>
  <File Type="PA-TCL" Name="sintesis_stackTower.tcl"/>
  <File Type="ROUTE-PWR-SUM" Name="sintesis_stackTower_power_summary_routed.pb"/>
  <File Type="REPORTS-TCL" Name="sintesis_stackTower_reports.tcl"/>
  <File Type="BITSTR-MSK" Name="sintesis_stackTower.msk"/>
  <File Type="ROUTE-CLK" Name="sintesis_stackTower_clock_utilization_routed.rpt"/>
  <File Type="RDI-RDI" Name="sintesis_stackTower.vdi"/>
  <File Type="POSTROUTE-PHYSOPT-BUS-SKEW-PB" Name="sintesis_stackTower_bus_skew_postroute_physopted.pb"/>
  <File Type="BG-BIT" Name="sintesis_stackTower.bit"/>
  <File Type="BG-DRC" Name="sintesis_stackTower.drc"/>
  <File Type="BG-BGN" Name="sintesis_stackTower.bgn"/>
  <File Type="BG-BIN" Name="sintesis_stackTower.bin"/>
  <File Type="BITSTR-RBT" Name="sintesis_stackTower.rbt"/>
  <File Type="BITSTR-NKY" Name="sintesis_stackTower.nky"/>
  <File Type="BITSTR-BMM" Name="sintesis_stackTower_bd.bmm"/>
  <File Type="BITSTR-MMI" Name="sintesis_stackTower.mmi"/>
  <File Type="ROUTE-METHODOLOGY-DRC" Name="sintesis_stackTower_methodology_drc_routed.rpt"/>
  <File Type="BITSTR-SYSDEF" Name="sintesis_stackTower.sysdef"/>
  <File Type="BITSTR-LTX" Name="debug_nets.ltx"/>
  <File Type="BITSTR-LTX" Name="sintesis_stackTower.ltx"/>
  <File Type="WBT-USG" Name="usage_statistics_webtalk.html"/>
  <File Type="OPT-DRC" Name="sintesis_stackTower_drc_opted.rpt"/>
  <File Type="OPT-HWDEF" Name="sintesis_stackTower.hwdef"/>
  <File Type="PLACE-IO" Name="sintesis_stackTower_io_placed.rpt"/>
  <File Type="PLACE-UTIL" Name="sintesis_stackTower_utilization_placed.rpt"/>
  <File Type="PLACE-UTIL-PB" Name="sintesis_stackTower_utilization_placed.pb"/>
  <File Type="PLACE-CTRL" Name="sintesis_stackTower_control_sets_placed.rpt"/>
  <File Type="PLACE-PRE-SIMILARITY" Name="sintesis_stackTower_incremental_reuse_pre_placed.rpt"/>
  <File Type="ROUTE-DRC" Name="sintesis_stackTower_drc_routed.rpt"/>
  <File Type="ROUTE-DRC-PB" Name="sintesis_stackTower_drc_routed.pb"/>
  <File Type="ROUTE-PWR-RPX" Name="sintesis_stackTower_power_routed.rpx"/>
  <File Type="ROUTE-STATUS" Name="sintesis_stackTower_route_status.rpt"/>
  <File Type="ROUTE-STATUS-PB" Name="sintesis_stackTower_route_status.pb"/>
  <File Type="ROUTE-DCP" Name="sintesis_stackTower_routed.dcp"/>
  <File Type="ROUTE-ERROR-DCP" Name="sintesis_stackTower_routed_error.dcp"/>
  <File Type="ROUTE-BLACKBOX-DCP" Name="sintesis_stackTower_routed_bb.dcp"/>
  <File Type="ROUTE-TIMINGSUMMARY" Name="sintesis_stackTower_timing_summary_routed.rpt"/>
  <File Type="ROUTE-TIMING-PB" Name="sintesis_stackTower_timing_summary_routed.pb"/>
  <File Type="ROUTE-TIMING-RPX" Name="sintesis_stackTower_timing_summary_routed.rpx"/>
  <File Type="ROUTE-SIMILARITY" Name="sintesis_stackTower_incremental_reuse_routed.rpt"/>
  <File Type="ROUTE-BUS-SKEW" Name="sintesis_stackTower_bus_skew_routed.rpt"/>
  <File Type="ROUTE-BUS-SKEW-PB" Name="sintesis_stackTower_bus_skew_routed.pb"/>
  <File Type="ROUTE-BUS-SKEW-RPX" Name="sintesis_stackTower_bus_skew_routed.rpx"/>
  <File Type="OPT-DCP" Name="sintesis_stackTower_opt.dcp"/>
  <File Type="PLACE-DCP" Name="sintesis_stackTower_placed.dcp"/>
  <File Type="PWROPT-DCP" Name="sintesis_stackTower_pwropt.dcp"/>
  <File Type="POSTPLACE-PWROPT-DCP" Name="sintesis_stackTower_postplace_pwropt.dcp"/>
  <File Type="PHYSOPT-DCP" Name="sintesis_stackTower_physopt.dcp"/>
  <File Type="POSTROUTE-PHYSOPT-DCP" Name="sintesis_stackTower_postroute_physopt.dcp"/>
  <File Type="POSTROUTE-PHYSOPT-BLACKBOX-DCP" Name="sintesis_stackTower_postroute_physopt_bb.dcp"/>
  <File Type="POSTROUTE-PHYSOPT-TIMING" Name="sintesis_stackTower_timing_summary_postroute_physopted.rpt"/>
  <File Type="POSTROUTE-PHYSOPT-TIMING-PB" Name="sintesis_stackTower_timing_summary_postroute_physopted.pb"/>
  <File Type="POSTROUTE-PHYSOPT-TIMING-RPX" Name="sintesis_stackTower_timing_summary_postroute_physopted.rpx"/>
  <File Type="POSTROUTE-PHYSOPT-BUS-SKEW" Name="sintesis_stackTower_bus_skew_postroute_physopted.rpt"/>
  <File Type="POSTROUTE-PHYSOPT-BUS-SKEW-RPX" Name="sintesis_stackTower_bus_skew_postroute_physopted.rpx"/>
  <File Type="ROUTE-METHODOLOGY-DRC-PB" Name="sintesis_stackTower_methodology_drc_routed.pb"/>
  <File Type="ROUTE-DRC-RPX" Name="sintesis_stackTower_drc_routed.rpx"/>
  <File Type="ROUTE-METHODOLOGY-DRC-RPX" Name="sintesis_stackTower_methodology_drc_routed.rpx"/>
  <File Type="PDI-FILE" Name="sintesis_stackTower.pdi"/>
  <File Type="BOOT-PDI-FILE" Name="sintesis_stackTower_soc.pdi"/>
  <File Type="PL-PDI-FILE" Name="sintesis_stackTower_pld.pdi"/>
  <File Type="RCFI_FILE" Name="sintesis_stackTower.rcfi"/>
  <File Type="CFI_FILE" Name="sintesis_stackTower.cfi"/>
  <File Type="RNPI_FILE" Name="sintesis_stackTower.rnpi"/>
  <File Type="NPI_FILE" Name="sintesis_stackTower.npi"/>
  <File Type="RBD_FILE" Name="sintesis_stackTower.rbd"/>
  <File Type="ROUTE-RQS" Name="sintesis_stackTower_routed.rqs"/>
  <File Type="POSTROUTE-PHYSOPT-RQS" Name="sintesis_stackTower_postroute_physopted.rqs"/>
  <File Type="ROUTE-RQS-RPT" Name="route_report_qor_suggestions_0.rpt"/>
  <File Type="POSTROUTE-PHYSOPT-RQS-RPT" Name="postroute_physopt_report_qor_suggestions_0.rpt"/>
  <FileSet Name="sources" Type="DesignSrcs" RelSrcDir="$PSRCDIR/sources_1" RelGenDir="$PGENDIR/sources_1">
    <Filter Type="Srcs"/>
    <File Path="$PSRCDIR/sources_1/new/biestable.vhd">
      <FileInfo>
        <Attr Name="ImportPath" Val="$PPRDIR/../../../../../../../../../../../../../../../../../../../../../../../../../../hlocal/TC/ProyectoFinal/ProyectoFinal.srcs/sources_1/new/biestable.vhd"/>
        <Attr Name="ImportTime" Val="1703676447"/>
        <Attr Name="UsedIn" Val="synthesis"/>
        <Attr Name="UsedIn" Val="simulation"/>
      </FileInfo>
    </File>
    <File Path="$PSRCDIR/sources_1/new/contadorMod10.vhd">
      <FileInfo>
        <Attr Name="ImportPath" Val="$PPRDIR/../../../../../../../../../../../../../../../../../../../../../../../../../../hlocal/TC/ProyectoFinal/ProyectoFinal.srcs/sources_1/new/contadorMod10.vhd"/>
        <Attr Name="ImportTime" Val="1703675652"/>
        <Attr Name="UsedIn" Val="synthesis"/>
        <Attr Name="UsedIn" Val="simulation"/>
      </FileInfo>
    </File>
    <File Path="$PSRCDIR/sources_1/new/controller.vhd">
      <FileInfo>
        <Attr Name="ImportPath" Val="$PPRDIR/../../../../../../../../../../../../../../../../../../../../../../../../../../hlocal/TC/ProyectoFinal/ProyectoFinal.srcs/sources_1/new/controller.vhd"/>
        <Attr Name="ImportTime" Val="1703676216"/>
        <Attr Name="UsedIn" Val="synthesis"/>
        <Attr Name="UsedIn" Val="simulation"/>
      </FileInfo>
    </File>
    <File Path="$PSRCDIR/sources_1/new/conv_7seg.vhd">
      <FileInfo>
        <Attr Name="ImportPath" Val="$PPRDIR/../../../../../../../../../../../../../../../../../../../../../../../../../../hlocal/TC/ProyectoFinal/ProyectoFinal.srcs/sources_1/new/conv_7seg.vhd"/>
        <Attr Name="ImportTime" Val="1703410917"/>
        <Attr Name="UsedIn" Val="synthesis"/>
        <Attr Name="UsedIn" Val="simulation"/>
      </FileInfo>
    </File>
    <File Path="$PSRCDIR/sources_1/new/debouncer.vhd">
      <FileInfo>
        <Attr Name="ImportPath" Val="$PPRDIR/../../../../../../../../../../../../../../../../../../../../../../../../../../hlocal/TC/ProyectoFinal/ProyectoFinal.srcs/sources_1/new/debouncer.vhd"/>
        <Attr Name="ImportTime" Val="1703410808"/>
        <Attr Name="UsedIn" Val="synthesis"/>
        <Attr Name="UsedIn" Val="simulation"/>
      </FileInfo>
    </File>
    <File Path="$PSRCDIR/sources_1/new/divisor.vhd">
      <FileInfo>
        <Attr Name="ImportPath" Val="$PPRDIR/../../../../../../../../../../../../../../../../../../../../../../../../../../hlocal/TC/ProyectoFinal/ProyectoFinal.srcs/sources_1/new/divisor.vhd"/>
        <Attr Name="ImportTime" Val="1703675561"/>
        <Attr Name="UsedIn" Val="synthesis"/>
        <Attr Name="UsedIn" Val="simulation"/>
      </FileInfo>
    </File>
    <File Path="$PSRCDIR/sources_1/new/generador_secuencias.vhd">
      <FileInfo>
        <Attr Name="ImportPath" Val="$PPRDIR/../../../../../../../../../../../../../../../../../../../../../../../../../../hlocal/TC/ProyectoFinal/ProyectoFinal.srcs/sources_1/new/generador_secuencias.vhd"/>
        <Attr Name="ImportTime" Val="1703677350"/>
        <Attr Name="UsedIn" Val="synthesis"/>
        <Attr Name="UsedIn" Val="simulation"/>
      </FileInfo>
    </File>
    <File Path="$PSRCDIR/sources_1/new/registro_desplazamiento.vhd">
      <FileInfo>
        <Attr Name="ImportPath" Val="$PPRDIR/../../../../../../../../../../../../../../../../../../../../../../../../../../hlocal/TC/ProyectoFinal/ProyectoFinal.srcs/sources_1/new/registro_desplazamiento.vhd"/>
        <Attr Name="ImportTime" Val="1703415238"/>
        <Attr Name="UsedIn" Val="synthesis"/>
        <Attr Name="UsedIn" Val="simulation"/>
      </FileInfo>
    </File>
    <File Path="$PSRCDIR/sources_1/new/ruta_datos.vhd">
      <FileInfo>
        <Attr Name="ImportPath" Val="$PPRDIR/../../../../../../../../../../../../../../../../../../../../../../../../../../hlocal/TC/ProyectoFinal/ProyectoFinal.srcs/sources_1/new/ruta_datos.vhd"/>
        <Attr Name="ImportTime" Val="1703677365"/>
        <Attr Name="UsedIn" Val="synthesis"/>
        <Attr Name="UsedIn" Val="simulation"/>
      </FileInfo>
    </File>
    <File Path="$PSRCDIR/sources_1/new/stackTower.vhd">
      <FileInfo>
        <Attr Name="ImportPath" Val="$PPRDIR/../../../../../../../../../../../../../../../../../../../../../../../../../../hlocal/TC/ProyectoFinal/ProyectoFinal.srcs/sources_1/new/stackTower.vhd"/>
        <Attr Name="ImportTime" Val="1703675484"/>
        <Attr Name="UsedIn" Val="synthesis"/>
        <Attr Name="UsedIn" Val="simulation"/>
      </FileInfo>
    </File>
    <File Path="$PSRCDIR/sources_1/new/sumadorPuntuacion.vhd">
      <FileInfo>
        <Attr Name="ImportPath" Val="$PPRDIR/../../../../../../../../../../Trabajo/Final de TOC/ProyectoFinal.xpr/ProyectoFinal/ProyectoFinal.srcs/sources_1/new/sumadorPuntuacion.vhd"/>
        <Attr Name="ImportTime" Val="1703845569"/>
        <Attr Name="UsedIn" Val="synthesis"/>
        <Attr Name="UsedIn" Val="simulation"/>
      </FileInfo>
    </File>
    <File Path="$PSRCDIR/sources_1/new/sintesis_stackTower.vhd">
      <FileInfo>
        <Attr Name="ImportPath" Val="$PPRDIR/../../../../../../../../../../../../../../../../../../../../../../../../../../hlocal/TC/ProyectoFinal/ProyectoFinal.srcs/sources_1/new/sintesis_stackTower.vhd"/>
        <Attr Name="ImportTime" Val="1703415042"/>
        <Attr Name="UsedIn" Val="synthesis"/>
        <Attr Name="UsedIn" Val="simulation"/>
      </FileInfo>
    </File>
    <File Path="$PSRCDIR/sources_1/imports/ProyectoFinal/archive_project_summary.txt">
      <FileInfo>
        <Attr Name="ImportPath" Val="$PPRDIR/../../../../../../../../../../Trabajo/Final de TOC/ProyectoFinal.xpr/ProyectoFinal/archive_project_summary.txt"/>
        <Attr Name="ImportTime" Val="1703767386"/>
      </FileInfo>
    </File>
    <File Path="$PPRDIR/../ProyectoFinal/archive_project_summary.txt"/>
    <Config>
      <Option Name="DesignMode" Val="RTL"/>
      <Option Name="TopModule" Val="sintesis_stackTower"/>
      <Option Name="TopAutoSet" Val="TRUE"/>
    </Config>
  </FileSet>
  <FileSet Name="constrs_in" Type="Constrs" RelSrcDir="$PSRCDIR/constrs_1" RelGenDir="$PGENDIR/constrs_1">
    <Filter Type="Constrs"/>
    <File Path="$PSRCDIR/constrs_1/new/pines_proyecto_final.xdc">
      <FileInfo>
        <Attr Name="ImportPath" Val="$PPRDIR/../../../../../../../../../../../../../../Desktop/ProyectoFinal/ProyectoFinal.srcs/constrs_1/new/pines_proyecto_final.xdc"/>
        <Attr Name="ImportTime" Val="1703763568"/>
        <Attr Name="UsedIn" Val="synthesis"/>
        <Attr Name="UsedIn" Val="implementation"/>
      </FileInfo>
    </File>
    <Config>
      <Option Name="ConstrsType" Val="XDC"/>
    </Config>
  </FileSet>
  <FileSet Name="utils" Type="Utils" RelSrcDir="$PSRCDIR/utils_1" RelGenDir="$PGENDIR/utils_1">
    <Filter Type="Utils"/>
    <File Path="$PSRCDIR/utils_1/imports/synth_1/sintesis_stackTower.dcp">
      <FileInfo>
        <Attr Name="ImportPath" Val="$PPRDIR/../../../../../../../../../../../../../../../../../../../../../../../../../../hlocal/TC/ProyectoFinal/ProyectoFinal.srcs/utils_1/imports/synth_1/sintesis_stackTower.dcp"/>
        <Attr Name="ImportTime" Val="1703762857"/>
        <Attr Name="UsedIn" Val="synthesis"/>
        <Attr Name="UsedIn" Val="implementation"/>
        <Attr Name="UsedInSteps" Val="synth_1"/>
        <Attr Name="AutoDcp" Val="1"/>
      </FileInfo>
    </File>
    <Config>
      <Option Name="TopAutoSet" Val="TRUE"/>
    </Config>
  </FileSet>
  <Strategy Version="1" Minor="2">
    <StratHandle Name="Vivado Implementation Defaults" Flow="Vivado Implementation 2023"/>
    <Step Id="init_design"/>
    <Step Id="opt_design"/>
    <Step Id="power_opt_design"/>
    <Step Id="place_design"/>
    <Step Id="post_place_power_opt_design"/>
    <Step Id="phys_opt_design"/>
    <Step Id="route_design"/>
    <Step Id="post_route_phys_opt_design"/>
    <Step Id="write_bitstream"/>
    <Step Id="write_device_image"/>
  </Strategy>
</GenRun>
