<?xml version="1.0" encoding="UTF-8"?>
<GenRun Id="synth_1" LaunchPart="xc7a35tcpg236-1" LaunchTime="1704030792" LaunchIncrCheckpoint="$PSRCDIR/utils_1/imports/synth_1/sintesis_stackTower.dcp">
  <File Type="PA-TCL" Name="sintesis_stackTower.tcl"/>
  <File Type="REPORTS-TCL" Name="sintesis_stackTower_reports.tcl"/>
  <File Type="RDS-RDS" Name="sintesis_stackTower.vds"/>
  <File Type="RDS-UTIL" Name="sintesis_stackTower_utilization_synth.rpt"/>
  <File Type="RDS-UTIL-PB" Name="sintesis_stackTower_utilization_synth.pb"/>
  <File Type="RDS-DCP" Name="sintesis_stackTower.dcp"/>
  <FileSet Name="sources" Type="DesignSrcs" RelSrcDir="$PSRCDIR/sources_1" RelGenDir="$PGENDIR/sources_1">
    <Filter Type="Srcs"/>
    <File Path="$PSRCDIR/sources_1/new/biestable.vhd">
      <FileInfo>
        <Attr Name="ImportPath" Val="$PPRDIR/../../../../../../../../../../../../../../../../../../../../../../../../../../../../../../../../../hlocal/TC/ProyectoFinal/ProyectoFinal.srcs/sources_1/new/biestable.vhd"/>
        <Attr Name="ImportTime" Val="1703676447"/>
        <Attr Name="UsedIn" Val="synthesis"/>
        <Attr Name="UsedIn" Val="simulation"/>
      </FileInfo>
    </File>
    <File Path="$PSRCDIR/sources_1/new/contadorMod10.vhd">
      <FileInfo>
        <Attr Name="ImportPath" Val="$PPRDIR/../../../../../../../../../../../../../../../../../../../../../../../../../../../../../../../../../hlocal/TC/ProyectoFinal/ProyectoFinal.srcs/sources_1/new/contadorMod10.vhd"/>
        <Attr Name="ImportTime" Val="1703675652"/>
        <Attr Name="UsedIn" Val="synthesis"/>
        <Attr Name="UsedIn" Val="simulation"/>
      </FileInfo>
    </File>
    <File Path="$PSRCDIR/sources_1/new/controller.vhd">
      <FileInfo>
        <Attr Name="ImportPath" Val="$PPRDIR/../../../../../../../../../../../../../../../../../../../../../../../../../../../../../../../../../hlocal/TC/ProyectoFinal/ProyectoFinal.srcs/sources_1/new/controller.vhd"/>
        <Attr Name="ImportTime" Val="1703676216"/>
        <Attr Name="UsedIn" Val="synthesis"/>
        <Attr Name="UsedIn" Val="simulation"/>
      </FileInfo>
    </File>
    <File Path="$PSRCDIR/sources_1/new/conv_7seg.vhd">
      <FileInfo>
        <Attr Name="ImportPath" Val="$PPRDIR/../../../../../../../../../../../../../../../../../../../../../../../../../../../../../../../../../hlocal/TC/ProyectoFinal/ProyectoFinal.srcs/sources_1/new/conv_7seg.vhd"/>
        <Attr Name="ImportTime" Val="1703410917"/>
        <Attr Name="UsedIn" Val="synthesis"/>
        <Attr Name="UsedIn" Val="simulation"/>
      </FileInfo>
    </File>
    <File Path="$PSRCDIR/sources_1/new/debouncer.vhd">
      <FileInfo>
        <Attr Name="ImportPath" Val="$PPRDIR/../../../../../../../../../../../../../../../../../../../../../../../../../../../../../../../../../hlocal/TC/ProyectoFinal/ProyectoFinal.srcs/sources_1/new/debouncer.vhd"/>
        <Attr Name="ImportTime" Val="1703410808"/>
        <Attr Name="UsedIn" Val="synthesis"/>
        <Attr Name="UsedIn" Val="simulation"/>
      </FileInfo>
    </File>
    <File Path="$PSRCDIR/sources_1/new/displays.vhd">
      <FileInfo>
        <Attr Name="ImportPath" Val="$PPRDIR/../../../../../../../../../../hlocal/TC/stackTower_v1.4/stackTower_v1.4.srcs/sources_1/new/displays.vhd"/>
        <Attr Name="ImportTime" Val="1704030511"/>
        <Attr Name="UsedIn" Val="synthesis"/>
        <Attr Name="UsedIn" Val="simulation"/>
      </FileInfo>
    </File>
    <File Path="$PSRCDIR/sources_1/new/divisor.vhd">
      <FileInfo>
        <Attr Name="ImportPath" Val="$PPRDIR/../../../../../../../../../../../../../../../../../../../../../../../../../../../../../../../../../hlocal/TC/ProyectoFinal/ProyectoFinal.srcs/sources_1/new/divisor.vhd"/>
        <Attr Name="ImportTime" Val="1703675561"/>
        <Attr Name="UsedIn" Val="synthesis"/>
        <Attr Name="UsedIn" Val="simulation"/>
      </FileInfo>
    </File>
    <File Path="$PSRCDIR/sources_1/new/generador_secuencias.vhd">
      <FileInfo>
        <Attr Name="ImportPath" Val="$PPRDIR/../../../../../../../../../../../../../../../../../../../../../../../../../../../../../../../../../hlocal/TC/ProyectoFinal/ProyectoFinal.srcs/sources_1/new/generador_secuencias.vhd"/>
        <Attr Name="ImportTime" Val="1703677350"/>
        <Attr Name="UsedIn" Val="synthesis"/>
        <Attr Name="UsedIn" Val="simulation"/>
      </FileInfo>
    </File>
    <File Path="$PSRCDIR/sources_1/new/registro_desplazamiento.vhd">
      <FileInfo>
        <Attr Name="ImportPath" Val="$PPRDIR/../../../../../../../../../../../../../../../../../../../../../../../../../../../../../../../../../hlocal/TC/ProyectoFinal/ProyectoFinal.srcs/sources_1/new/registro_desplazamiento.vhd"/>
        <Attr Name="ImportTime" Val="1703415238"/>
        <Attr Name="UsedIn" Val="synthesis"/>
        <Attr Name="UsedIn" Val="simulation"/>
      </FileInfo>
    </File>
    <File Path="$PSRCDIR/sources_1/new/ruta_datos.vhd">
      <FileInfo>
        <Attr Name="ImportPath" Val="$PPRDIR/../../../../../../../../../../../../../../../../../../../../../../../../../../../../../../../../../hlocal/TC/ProyectoFinal/ProyectoFinal.srcs/sources_1/new/ruta_datos.vhd"/>
        <Attr Name="ImportTime" Val="1703677365"/>
        <Attr Name="UsedIn" Val="synthesis"/>
        <Attr Name="UsedIn" Val="simulation"/>
      </FileInfo>
    </File>
    <File Path="$PSRCDIR/sources_1/new/stackTower.vhd">
      <FileInfo>
        <Attr Name="ImportPath" Val="$PPRDIR/../../../../../../../../../../../../../../../../../../../../../../../../../../../../../../../../../hlocal/TC/ProyectoFinal/ProyectoFinal.srcs/sources_1/new/stackTower.vhd"/>
        <Attr Name="ImportTime" Val="1703675484"/>
        <Attr Name="UsedIn" Val="synthesis"/>
        <Attr Name="UsedIn" Val="simulation"/>
      </FileInfo>
    </File>
    <File Path="$PSRCDIR/sources_1/new/sumadorPuntuacion.vhd">
      <FileInfo>
        <Attr Name="ImportPath" Val="$PPRDIR/../../../../../../../../../../../../../../../../../Trabajo/Final de TOC/ProyectoFinal.xpr/ProyectoFinal/ProyectoFinal.srcs/sources_1/new/sumadorPuntuacion.vhd"/>
        <Attr Name="ImportTime" Val="1703845569"/>
        <Attr Name="UsedIn" Val="synthesis"/>
        <Attr Name="UsedIn" Val="simulation"/>
      </FileInfo>
    </File>
    <File Path="$PSRCDIR/sources_1/new/sintesis_stackTower.vhd">
      <FileInfo>
        <Attr Name="ImportPath" Val="$PPRDIR/../../../../../../../../../../../../../../../../../../../../../../../../../../../../../../../../../hlocal/TC/ProyectoFinal/ProyectoFinal.srcs/sources_1/new/sintesis_stackTower.vhd"/>
        <Attr Name="ImportTime" Val="1703415042"/>
        <Attr Name="UsedIn" Val="synthesis"/>
        <Attr Name="UsedIn" Val="simulation"/>
      </FileInfo>
    </File>
    <File Path="$PSRCDIR/sources_1/imports/ProyectoFinal/archive_project_summary.txt">
      <FileInfo>
        <Attr Name="ImportPath" Val="$PPRDIR/../../../../../../../../../../hlocal/TC/ProyectoFinal/archive_project_summary.txt"/>
        <Attr Name="ImportTime" Val="1703849785"/>
      </FileInfo>
    </File>
    <Config>
      <Option Name="DesignMode" Val="RTL"/>
      <Option Name="TopModule" Val="sintesis_stackTower"/>
      <Option Name="TopAutoSet" Val="TRUE"/>
    </Config>
  </FileSet>
  <FileSet Name="constrs_in" Type="Constrs" RelSrcDir="$PSRCDIR/constrs_1" RelGenDir="$PGENDIR/constrs_1">
    <Filter Type="Constrs"/>
    <File Path="$PSRCDIR/constrs_1/new/pines_proyecto_final.xdc">
      <FileInfo>
        <Attr Name="ImportPath" Val="$PPRDIR/../../../../../../../../../../../../../../../../../../../../../Desktop/ProyectoFinal/ProyectoFinal.srcs/constrs_1/new/pines_proyecto_final.xdc"/>
        <Attr Name="ImportTime" Val="1703763568"/>
        <Attr Name="UsedIn" Val="synthesis"/>
        <Attr Name="UsedIn" Val="implementation"/>
      </FileInfo>
    </File>
    <Config>
      <Option Name="ConstrsType" Val="XDC"/>
    </Config>
  </FileSet>
  <FileSet Name="utils" Type="Utils" RelSrcDir="$PSRCDIR/utils_1" RelGenDir="$PGENDIR/utils_1">
    <Filter Type="Utils"/>
    <File Path="$PSRCDIR/utils_1/imports/synth_1/sintesis_stackTower.dcp">
      <FileInfo>
        <Attr Name="ImportPath" Val="$PPRDIR/../../../../../../../../../../../../../../../../../../../../../../../../../../../../../../../../../hlocal/TC/ProyectoFinal/ProyectoFinal.srcs/utils_1/imports/synth_1/sintesis_stackTower.dcp"/>
        <Attr Name="ImportTime" Val="1703762857"/>
        <Attr Name="UsedIn" Val="synthesis"/>
        <Attr Name="UsedIn" Val="implementation"/>
        <Attr Name="UsedInSteps" Val="synth_1"/>
        <Attr Name="AutoDcp" Val="1"/>
      </FileInfo>
    </File>
    <Config>
      <Option Name="TopAutoSet" Val="TRUE"/>
    </Config>
  </FileSet>
  <Strategy Version="1" Minor="2">
    <StratHandle Name="Vivado Synthesis Defaults" Flow="Vivado Synthesis 2023"/>
    <Step Id="synth_design"/>
  </Strategy>
</GenRun>
